orig_parcelname,GAM.smooth.Fvalue,GAM.smooth.pvalue,smooth.change.onset,smooth.peak.change,smooth.decrease.onset,smooth.decrease.offset,smooth.increase.onset,smooth.increase.offset,smooth.last.change,depth,label
R_4_ROI,41.1547331405984,0,10.5875,10.7520854271357,NA,NA,10.5875,26.7168718592965,26.607148241206,superficial,rh_R_4
R_4_ROI,65.7070370005321,0,10.5875,10.9166708542714,NA,NA,10.5875,26.2779773869347,26.1682537688442,middle,rh_R_4
R_4_ROI,70.8547465117437,0,10.5875,10.9166708542714,NA,NA,10.5875,26.3877010050251,26.2779773869347,deep,rh_R_4
R_FEF_ROI,74.4568722852444,0,10.5875,11.081256281407,NA,NA,10.5875,29.7891331658291,29.6794095477387,deep,rh_R_FEF
R_FEF_ROI,46.3582214614499,0,10.5875,10.9715326633166,NA,NA,10.5875,27.5946608040201,27.4849371859297,superficial,rh_R_FEF
R_FEF_ROI,72.2216326325666,0,10.5875,11.081256281407,NA,NA,10.5875,28.0335552763819,27.9238316582915,middle,rh_R_FEF
R_PEF_ROI,58.3988103917719,0,10.5875,10.8618090452261,NA,NA,10.5875,31.9836055276382,31.8738819095477,deep,rh_R_PEF
R_PEF_ROI,53.5767261612858,0,10.5875,11.081256281407,NA,NA,10.5875,27.4849371859297,27.3752135678392,middle,rh_R_PEF
R_PEF_ROI,33.0381847404124,0,10.5875,10.9166708542714,NA,NA,10.5875,25.619635678392,25.5099120603015,superficial,rh_R_PEF
R_55b_ROI,63.0894229557544,0,10.5875,11.1361180904523,NA,NA,10.5875,26.4974246231156,26.3877010050251,deep,rh_R_55b
R_55b_ROI,59.1563736853272,0,10.5875,10.7520854271357,NA,NA,10.5875,25.9488065326633,25.8390829145729,middle,rh_R_55b
R_55b_ROI,30.6713410124386,0,10.5875,11.3555653266332,NA,NA,10.5875,25.619635678392,25.5099120603015,superficial,rh_R_55b
R_SFL_ROI,7.6469285656547,0.000814902548917862,10.5875,10.5875,NA,NA,10.5875,19.0362185929648,18.9264949748744,deep,rh_R_SFL
R_SFL_ROI,6.93225591994398,0.00157709993866295,10.5875,11.0263944723618,NA,NA,10.5875,18.9264949748744,18.8167713567839,middle,rh_R_SFL
R_SFL_ROI,7.04738738275961,0.00391215949683854,10.5875,11.4104271356784,NA,NA,10.5875,25.7293592964824,25.619635678392,superficial,rh_R_SFL
R_24dd_ROI,69.1630193339375,0,10.5875,11.081256281407,NA,NA,10.5875,26.607148241206,26.4974246231156,deep,rh_R_24dd
R_24dd_ROI,63.6421160602203,0,10.5875,10.8069472361809,NA,NA,10.5875,26.3877010050251,26.2779773869347,middle,rh_R_24dd
R_24dd_ROI,39.2444966992089,0,10.5875,11.1361180904523,NA,NA,10.5875,26.2779773869347,26.1682537688442,superficial,rh_R_24dd
R_24dv_ROI,56.8380829502473,0,10.5875,10.9715326633166,NA,NA,10.5875,25.1807412060302,25.0710175879397,deep,rh_R_24dv
R_24dv_ROI,50.6581442195355,0,10.5875,10.8069472361809,NA,NA,10.5875,26.0585301507538,25.9488065326633,middle,rh_R_24dv
R_24dv_ROI,29.8371161967705,0,10.5875,10.8618090452261,NA,NA,10.5875,25.0710175879397,24.9612939698492,superficial,rh_R_24dv
R_SCEF_ROI,24.5405848388741,0,10.5875,10.9166708542714,NA,NA,10.5875,20.6820728643216,20.5723492462312,deep,rh_R_SCEF
R_SCEF_ROI,27.9039656932228,0,10.5875,10.8618090452261,NA,NA,10.5875,21.1209673366834,21.011243718593,middle,rh_R_SCEF
R_SCEF_ROI,22.0198789513258,0,10.5875,10.9715326633166,NA,NA,10.5875,21.5598618090452,21.4501381909548,superficial,rh_R_SCEF
R_6ma_ROI,14.3131154444512,0.000248798436171871,10.5875,21.505,NA,NA,10.5875,32.4225,32.4225,deep,rh_R_6ma
R_6ma_ROI,16.168143491517,0.000110545926136962,10.5875,21.505,NA,NA,10.5875,32.4225,32.4225,middle,rh_R_6ma
R_6ma_ROI,12.3027375674047,0.000675565222907182,10.5875,21.505,NA,NA,10.5875,32.4225,32.4225,superficial,rh_R_6ma
R_6d_ROI,60.8909402686154,0,10.5875,11.1909798994975,NA,NA,10.5875,27.9238316582915,27.814108040201,deep,rh_R_6d
R_6d_ROI,61.6313864411494,0,10.5875,11.081256281407,NA,NA,10.5875,27.5946608040201,27.4849371859297,middle,rh_R_6d
R_6d_ROI,34.8590222984136,0,10.5875,11.3007035175879,NA,NA,10.5875,32.4225,32.4225,superficial,rh_R_6d
R_6mp_ROI,16.1200783345838,3.57124892996774e-06,10.5875,11.1909798994975,NA,NA,10.5875,26.7168718592965,26.607148241206,deep,rh_R_6mp
R_6mp_ROI,17.9746892441066,0,10.5875,10.9715326633166,NA,NA,10.5875,25.2904648241206,25.1807412060302,middle,rh_R_6mp
R_6mp_ROI,10.5558190396902,5.65435876088705e-05,10.5875,10.9166708542714,NA,NA,10.5875,23.205716080402,23.0959924623116,superficial,rh_R_6mp
R_6v_ROI,56.771508213597,0,10.5875,10.8618090452261,NA,NA,10.5875,26.0585301507538,25.9488065326633,deep,rh_R_6v
R_6v_ROI,41.7469608230466,0,10.5875,10.8618090452261,NA,NA,10.5875,25.619635678392,25.5099120603015,middle,rh_R_6v
R_6v_ROI,18.1835035548082,1.51052068597668e-06,10.5875,11.4104271356784,NA,NA,10.5875,27.814108040201,27.7043844221106,superficial,rh_R_6v
R_p24pr_ROI,45.7733204699352,0,10.5875,11.081256281407,NA,NA,10.5875,27.4849371859297,27.3752135678392,middle,rh_R_p24pr
R_p24pr_ROI,54.3964567479514,0,10.5875,10.5875,NA,NA,10.5875,27.2654899497487,27.1557663316583,deep,rh_R_p24pr
R_p24pr_ROI,28.1917950635194,0,10.5875,10.9166708542714,NA,NA,10.5875,26.7168718592965,26.607148241206,superficial,rh_R_p24pr
R_33pr_ROI,13.8257979256912,2.5974604458967e-06,10.5875,10.9715326633166,NA,NA,10.5875,21.7793090452261,21.6695854271357,superficial,rh_R_33pr
R_33pr_ROI,28.3551284742185,0,10.5875,10.9715326633166,NA,NA,10.5875,25.0710175879397,24.9612939698492,middle,rh_R_33pr
R_33pr_ROI,41.5939335432084,0,10.5875,10.9715326633166,NA,NA,10.5875,30.9960929648241,30.8863693467337,deep,rh_R_33pr
R_a24pr_ROI,43.7981223207671,0,10.5875,11.5201507537688,NA,NA,10.5875,32.4225,32.4225,deep,rh_R_a24pr
R_a24pr_ROI,62.8296474106894,0,10.5875,11.9041834170854,NA,NA,10.5875,32.4225,32.4225,middle,rh_R_a24pr
R_a24pr_ROI,35.5372760521109,0,10.5875,21.505,NA,NA,10.5875,32.4225,32.4225,superficial,rh_R_a24pr
R_p32pr_ROI,41.8029452119911,0,10.5875,11.0263944723618,NA,NA,10.5875,25.4001884422111,25.2904648241206,middle,rh_R_p32pr
R_p32pr_ROI,26.442966467958,0,10.5875,10.9715326633166,NA,NA,10.5875,25.8390829145729,25.7293592964824,superficial,rh_R_p32pr
R_p32pr_ROI,40.1534368632731,0,10.5875,10.8618090452261,NA,NA,10.5875,24.6321231155779,24.5223994974874,deep,rh_R_p32pr
R_a24_ROI,13.1802117072392,0.00040062253939277,10.5875,21.505,NA,NA,10.5875,32.4225,32.4225,superficial,rh_R_a24
R_a24_ROI,22.9104584545301,4.38622839837866e-06,10.5875,21.505,NA,NA,10.5875,32.4225,32.4225,middle,rh_R_a24
R_a24_ROI,33.0642280860618,0,10.5875,21.505,NA,NA,10.5875,32.4225,32.4225,deep,rh_R_a24
R_d32_ROI,49.0563746191769,0,10.5875,17.1160552763819,NA,NA,10.5875,32.4225,32.4225,middle,rh_R_d32
R_d32_ROI,33.6424470454509,0,10.5875,21.505,NA,NA,10.5875,32.4225,32.4225,superficial,rh_R_d32
R_d32_ROI,29.9392356482533,0,10.5875,10.8618090452261,NA,NA,10.5875,32.4225,32.4225,deep,rh_R_d32
R_8BM_ROI,26.2446488286194,1.33666866442006e-06,10.5875,21.505,NA,NA,10.5875,32.4225,32.4225,superficial,rh_R_8BM
R_8BM_ROI,43.6638189267001,0,10.5875,21.505,NA,NA,10.5875,32.4225,32.4225,middle,rh_R_8BM
R_8BM_ROI,31.5116711822636,0,10.5875,11.081256281407,NA,NA,10.5875,32.4225,32.4225,deep,rh_R_8BM
R_p32_ROI,6.08379027398626,0.00627172178754332,14.0986557788945,14.0986557788945,NA,NA,14.0986557788945,22.6570979899497,22.5473743718593,middle,rh_R_p32
R_p32_ROI,2.67794840557836,0.103927571955722,NA,NA,NA,NA,NA,NA,NA,superficial,rh_R_p32
R_p32_ROI,11.3163735733838,2.75187728411841e-05,10.5875,10.9715326633166,NA,NA,10.5875,23.4251633165829,23.3154396984925,deep,rh_R_p32
R_10r_ROI,0.109509705736296,0.741357141524754,NA,NA,NA,NA,NA,NA,NA,superficial,rh_R_10r
R_10r_ROI,2.57010106807127,0.110777413680921,NA,NA,NA,NA,NA,NA,NA,middle,rh_R_10r
R_10r_ROI,8.2513470620007,0.00463300483118528,10.5875,21.505,NA,NA,10.5875,32.4225,32.4225,deep,rh_R_10r
R_47m_ROI,21.8276460348217,0,10.5875,11.3007035175879,NA,NA,10.5875,24.8515703517588,24.7418467336683,middle,rh_R_47m
R_47m_ROI,10.6480880774773,9.45164725351666e-05,10.5875,11.4104271356784,NA,NA,10.5875,24.3029522613065,24.1932286432161,superficial,rh_R_47m
R_47m_ROI,32.682352684324,0,10.5875,11.3555653266332,NA,NA,10.5875,24.9612939698492,24.8515703517588,deep,rh_R_47m
R_8Av_ROI,45.1657999798298,0,10.5875,12.6173869346734,NA,NA,10.5875,32.4225,32.4225,superficial,rh_R_8Av
R_8Av_ROI,55.1733363635216,0,10.5875,11.2458417085427,NA,NA,10.5875,27.5946608040201,27.4849371859297,middle,rh_R_8Av
R_8Av_ROI,61.6307806621883,0,10.5875,11.1909798994975,NA,NA,10.5875,26.9363190954774,26.8265954773869,deep,rh_R_8Av
R_8Ad_ROI,35.9938025339219,0,10.5875,10.7520854271357,NA,NA,10.5875,25.7293592964824,25.619635678392,middle,rh_R_8Ad
R_8Ad_ROI,21.6340864969223,0,10.5875,10.8069472361809,NA,NA,10.5875,23.8640577889447,23.7543341708543,superficial,rh_R_8Ad
R_8Ad_ROI,39.0839204646593,0,10.5875,10.9715326633166,NA,NA,10.5875,26.3877010050251,26.2779773869347,deep,rh_R_8Ad
R_9m_ROI,8.89713435500609,0.00326966264337214,10.5875,21.505,NA,NA,10.5875,32.4225,32.4225,superficial,rh_R_9m
R_9m_ROI,15.9593338257578,6.82812533014943e-07,10.5875,11.2458417085427,NA,NA,10.5875,25.4001884422111,25.2904648241206,middle,rh_R_9m
R_9m_ROI,30.5923170475415,0,10.5875,11.1909798994975,NA,NA,10.5875,27.814108040201,27.7043844221106,deep,rh_R_9m
R_8BL_ROI,35.4014449535482,0,10.5875,21.505,NA,NA,10.5875,32.4225,32.4225,middle,rh_R_8BL
R_8BL_ROI,17.4280310097008,5.37126324965942e-05,10.5875,21.505,NA,NA,10.5875,32.4225,32.4225,superficial,rh_R_8BL
R_8BL_ROI,46.423625814783,0,10.5875,13.00141959799,NA,NA,10.5875,32.4225,32.4225,deep,rh_R_8BL
R_9p_ROI,26.1413893546859,0,10.5875,11.1361180904523,NA,NA,10.5875,26.4974246231156,26.3877010050251,middle,rh_R_9p
R_9p_ROI,34.0730780530597,0,10.5875,11.081256281407,NA,NA,10.5875,26.607148241206,26.4974246231156,deep,rh_R_9p
R_9p_ROI,20.5126246422743,1.3126634629157e-05,10.5875,21.505,NA,NA,10.5875,32.4225,32.4225,superficial,rh_R_9p
R_10d_ROI,-0.280335120162098,0.742566624951821,NA,NA,NA,NA,NA,NA,NA,superficial,rh_R_10d
R_10d_ROI,0.317999213936505,0.657162959158264,NA,NA,NA,NA,NA,NA,NA,middle,rh_R_10d
R_10d_ROI,0.313478695489495,0.600021180234762,NA,NA,NA,NA,NA,NA,NA,deep,rh_R_10d
R_8C_ROI,35.2898958327321,0,10.5875,10.6972236180905,NA,NA,10.5875,27.0460427135678,26.9363190954774,superficial,rh_R_8C
R_8C_ROI,60.0407832849805,0,10.5875,10.9715326633166,NA,NA,10.5875,26.4974246231156,26.3877010050251,middle,rh_R_8C
R_8C_ROI,68.5739360176379,0,10.5875,10.9715326633166,NA,NA,10.5875,26.607148241206,26.4974246231156,deep,rh_R_8C
R_44_ROI,22.5873299927416,5.53966906591263e-06,10.5875,21.505,NA,NA,10.5875,32.4225,32.4225,superficial,rh_R_44
R_44_ROI,59.882669504137,0,10.5875,11.1909798994975,NA,NA,10.5875,26.1682537688442,26.0585301507538,deep,rh_R_44
R_44_ROI,47.5095443603028,0,10.5875,11.8493216080402,NA,NA,10.5875,27.7043844221106,27.5946608040201,middle,rh_R_44
R_45_ROI,15.5371644855938,0.000129411798386159,10.5875,15.9639572864322,NA,NA,10.5875,32.4225,32.4225,superficial,rh_R_45
R_45_ROI,55.1694238160761,0,10.5875,11.1909798994975,NA,NA,10.5875,27.5946608040201,27.4849371859297,deep,rh_R_45
R_45_ROI,38.5622178326629,0,10.5875,11.2458417085427,NA,NA,10.5875,26.7168718592965,26.607148241206,middle,rh_R_45
R_47l_ROI,43.657076217176,0,10.5875,11.0263944723618,NA,NA,10.5875,25.9488065326633,25.8390829145729,deep,rh_R_47l
R_47l_ROI,5.97132610747726,0.00376531637812677,14.3181030150754,14.3181030150754,NA,NA,14.3181030150754,22.1084798994975,21.998756281407,superficial,rh_R_47l
R_47l_ROI,24.5698894010848,0,10.5875,11.4104271356784,NA,NA,10.5875,24.5223994974874,24.412675879397,middle,rh_R_47l
R_a47r_ROI,27.7406983249063,0,10.5875,11.1361180904523,NA,NA,10.5875,25.1807412060302,25.0710175879397,deep,rh_R_a47r
R_a47r_ROI,14.3183277961568,0.000209215933151319,10.5875,21.505,NA,NA,10.5875,32.4225,32.4225,superficial,rh_R_a47r
R_a47r_ROI,20.1155121354824,0,10.5875,11.3007035175879,NA,NA,10.5875,24.8515703517588,24.7418467336683,middle,rh_R_a47r
R_6r_ROI,24.8583468963659,0,10.5875,11.2458417085427,NA,NA,10.5875,26.4974246231156,26.3877010050251,superficial,rh_R_6r
R_6r_ROI,62.7756588602041,0,10.5875,11.1361180904523,NA,NA,10.5875,26.4974246231156,26.3877010050251,deep,rh_R_6r
R_6r_ROI,55.2647795093008,0,10.5875,11.0263944723618,NA,NA,10.5875,26.9363190954774,26.8265954773869,middle,rh_R_6r
R_IFJa_ROI,52.7487734099094,0,10.5875,21.505,NA,NA,10.5875,32.4225,32.4225,superficial,rh_R_IFJa
R_IFJa_ROI,62.3954282234265,0,10.5875,11.081256281407,NA,NA,10.5875,26.4974246231156,26.3877010050251,deep,rh_R_IFJa
R_IFJa_ROI,56.1584532331574,0,10.5875,10.6423618090452,NA,NA,10.5875,27.5946608040201,27.4849371859297,middle,rh_R_IFJa
R_IFJp_ROI,58.0595047562695,0,10.5875,10.9715326633166,NA,NA,10.5875,25.9488065326633,25.8390829145729,deep,rh_R_IFJp
R_IFJp_ROI,35.626993023532,0,10.5875,11.5201507537688,NA,NA,10.5875,28.1432788944724,28.0335552763819,superficial,rh_R_IFJp
R_IFJp_ROI,53.8426177206373,0,10.5875,10.9715326633166,NA,NA,10.5875,26.2779773869347,26.1682537688442,middle,rh_R_IFJp
R_IFSp_ROI,65.265327825634,0,10.5875,15.195891959799,NA,NA,10.5875,25.8390829145729,25.7293592964824,deep,rh_R_IFSp
R_IFSp_ROI,39.5261577707697,0,10.5875,21.505,NA,NA,10.5875,32.4225,32.4225,superficial,rh_R_IFSp
R_IFSp_ROI,53.0575457614819,0,10.5875,12.1784924623116,NA,NA,10.5875,26.7168718592965,26.607148241206,middle,rh_R_IFSp
R_IFSa_ROI,35.1762360003491,0,10.5875,21.505,NA,NA,10.5875,32.4225,32.4225,superficial,rh_R_IFSa
R_IFSa_ROI,47.0458579572677,0,10.5875,11.4104271356784,NA,NA,10.5875,25.619635678392,25.5099120603015,deep,rh_R_IFSa
R_IFSa_ROI,36.4237763593009,0,10.5875,11.6847361809045,NA,NA,10.5875,25.9488065326633,25.8390829145729,middle,rh_R_IFSa
R_p9-46v_ROI,42.6470749331219,0,10.5875,21.505,NA,NA,10.5875,32.4225,32.4225,superficial,rh_R_p9-46v
R_p9-46v_ROI,54.8943288693375,0,10.5875,11.4104271356784,NA,NA,10.5875,26.2779773869347,26.1682537688442,deep,rh_R_p9-46v
R_p9-46v_ROI,46.4562276252193,0,10.5875,16.1834045226131,NA,NA,10.5875,26.2779773869347,26.1682537688442,middle,rh_R_p9-46v
R_46_ROI,30.6236337006294,0,10.5875,10.6972236180905,NA,NA,10.5875,32.4225,32.4225,superficial,rh_R_46
R_46_ROI,46.3932558060854,0,10.5875,11.0263944723618,NA,NA,10.5875,26.7168718592965,26.607148241206,middle,rh_R_46
R_46_ROI,54.593959843686,0,10.5875,11.081256281407,NA,NA,10.5875,26.8265954773869,26.7168718592965,deep,rh_R_46
R_a9-46v_ROI,15.9452620861623,5.31437688744418e-07,10.5875,11.3007035175879,NA,NA,10.5875,24.0835050251256,23.9737814070352,superficial,rh_R_a9-46v
R_a9-46v_ROI,37.1084457092286,0,10.5875,10.9715326633166,NA,NA,10.5875,25.0710175879397,24.9612939698492,deep,rh_R_a9-46v
R_a9-46v_ROI,28.9909074582966,0,10.5875,11.081256281407,NA,NA,10.5875,24.3029522613065,24.1932286432161,middle,rh_R_a9-46v
R_9-46d_ROI,26.8031144965358,0,10.5875,12.3430778894472,NA,NA,10.5875,32.4225,32.4225,superficial,rh_R_9-46d
R_9-46d_ROI,42.6894217906608,0,10.5875,11.3555653266332,NA,NA,10.5875,28.1432788944724,28.0335552763819,middle,rh_R_9-46d
R_9-46d_ROI,48.5727801734243,0,10.5875,11.3555653266332,NA,NA,10.5875,27.7043844221106,27.5946608040201,deep,rh_R_9-46d
R_9a_ROI,34.3301476635315,0,10.5875,11.3555653266332,NA,NA,10.5875,32.4225,32.4225,middle,rh_R_9a
R_9a_ROI,39.5702538826849,0,10.5875,11.4104271356784,NA,NA,10.5875,32.4225,32.4225,deep,rh_R_9a
R_9a_ROI,20.2929347767724,1.38100515688078e-05,10.5875,21.505,NA,NA,10.5875,32.4225,32.4225,superficial,rh_R_9a
R_10v_ROI,-0.107529510947007,0.743694681275095,NA,NA,NA,NA,NA,NA,NA,superficial,rh_R_10v
R_10v_ROI,0.200789380066459,0.654955715412094,NA,NA,NA,NA,NA,NA,NA,middle,rh_R_10v
R_10v_ROI,1.70324345128211,0.193849197615384,NA,NA,NA,NA,NA,NA,NA,deep,rh_R_10v
R_a10p_ROI,4.43235576905567,0.0140144672304729,14.9764447236181,14.9764447236181,NA,NA,14.9764447236181,18.0487060301508,17.9389824120603,deep,rh_R_a10p
R_a10p_ROI,0.433451989820034,0.480062522127517,NA,NA,NA,NA,NA,NA,NA,superficial,rh_R_a10p
R_a10p_ROI,1.791635943843,0.126781805698372,NA,NA,NA,NA,NA,NA,NA,middle,rh_R_a10p
R_11l_ROI,19.9590418181871,0,10.5875,10.6423618090452,NA,NA,10.5875,19.3653894472362,19.2556658291457,deep,rh_R_11l
R_11l_ROI,12.2342067323181,5.40363572715252e-06,10.5875,10.9166708542714,NA,NA,10.5875,18.597324120603,18.4876005025126,middle,rh_R_11l
R_11l_ROI,6.40758536615824,0.00107790101874405,13.1111432160804,13.1111432160804,NA,NA,13.1111432160804,16.5125753768844,16.402851758794,superficial,rh_R_11l
R_13l_ROI,19.0738125717467,2.61823680514084e-07,10.5875,11.2458417085427,NA,NA,10.5875,26.8265954773869,26.7168718592965,middle,rh_R_13l
R_13l_ROI,23.1080017777829,0,10.5875,10.9166708542714,NA,NA,10.5875,24.412675879397,24.3029522613065,deep,rh_R_13l
R_13l_ROI,23.3889800033335,3.97717237438089e-06,10.5875,21.505,NA,NA,10.5875,32.4225,32.4225,superficial,rh_R_13l
R_47s_ROI,4.69709492451409,0.00777248766013355,14.8667211055276,14.9215829145729,NA,NA,14.8667211055276,19.4751130653266,19.3653894472362,superficial,rh_R_47s
R_47s_ROI,12.1029182518446,9.10491022038107e-06,10.5875,11.081256281407,NA,NA,10.5875,20.1334547738693,20.0237311557789,middle,rh_R_47s
R_47s_ROI,18.7916173456356,0,10.5875,11.1361180904523,NA,NA,10.5875,22.1084798994975,21.998756281407,deep,rh_R_47s
R_6a_ROI,41.3352927298634,0,10.5875,11.1361180904523,NA,NA,10.5875,29.021067839196,28.9113442211055,deep,rh_R_6a
R_6a_ROI,32.11592170648,0,10.5875,11.1909798994975,NA,NA,10.5875,27.2654899497487,27.1557663316583,superficial,rh_R_6a
R_6a_ROI,40.6709514184946,0,10.5875,11.0263944723618,NA,NA,10.5875,28.4724497487437,28.3627261306533,middle,rh_R_6a
R_i6-8_ROI,62.0476502606667,0,10.5875,11.1361180904523,NA,NA,10.5875,29.021067839196,28.9113442211055,deep,rh_R_i6-8
R_i6-8_ROI,58.3529511870857,0,10.5875,10.8069472361809,NA,NA,10.5875,32.4225,32.4225,middle,rh_R_i6-8
R_i6-8_ROI,38.362901506691,0,10.5875,11.5750125628141,NA,NA,10.5875,32.4225,32.4225,superficial,rh_R_i6-8
R_s6-8_ROI,11.4034513751749,2.68524465946163e-05,10.5875,11.0263944723618,NA,NA,10.5875,19.6945603015075,19.5848366834171,middle,rh_R_s6-8
R_s6-8_ROI,13.0037749228748,6.31245631832478e-06,10.5875,10.8069472361809,NA,NA,10.5875,19.6945603015075,19.5848366834171,deep,rh_R_s6-8
R_s6-8_ROI,8.43196906165012,0.000488334447338146,10.5875,11.1361180904523,NA,NA,10.5875,23.5348869346734,23.4251633165829,superficial,rh_R_s6-8
R_43_ROI,22.0893018909447,0,10.5875,11.4104271356784,NA,NA,10.5875,27.1557663316583,27.0460427135678,superficial,rh_R_43
R_43_ROI,43.7191050107564,0,10.5875,11.0263944723618,NA,NA,10.5875,25.1807412060302,25.0710175879397,middle,rh_R_43
R_43_ROI,50.621505312676,0,10.5875,10.9166708542714,NA,NA,10.5875,24.7418467336683,24.6321231155779,deep,rh_R_43
R_PoI2_ROI,6.49198385815566,0.0121467954423191,10.5875,14.8118592964824,NA,NA,10.5875,32.4225,32.4225,deep,rh_R_PoI2
R_PoI2_ROI,1.45433876999618,0.230434224122884,NA,NA,NA,NA,NA,NA,NA,superficial,rh_R_PoI2
R_PoI2_ROI,3.89446211118859,0.0507193867876585,NA,NA,NA,NA,NA,NA,NA,middle,rh_R_PoI2
R_FOP4_ROI,47.6188746680101,0,10.5875,21.505,NA,NA,10.5875,32.4225,32.4225,superficial,rh_R_FOP4
R_FOP4_ROI,26.4311052011629,0,10.5875,11.1361180904523,NA,NA,10.5875,25.8390829145729,25.7293592964824,middle,rh_R_FOP4
R_FOP4_ROI,22.1460930129519,0,10.5875,10.8618090452261,NA,NA,10.5875,23.7543341708543,23.6446105527638,deep,rh_R_FOP4
R_MI_ROI,8.3301199445819,0.000376439029737774,13.2208668341709,13.5500376884422,NA,NA,13.2208668341709,22.7668216080402,22.6570979899497,middle,rh_R_MI
R_MI_ROI,20.4876381032403,1.17699170920083e-05,10.5875,14.2083793969849,NA,NA,10.5875,32.4225,32.4225,superficial,rh_R_MI
R_MI_ROI,8.32415097953098,0.00430065236791088,10.5875,15.2507537688442,NA,NA,10.5875,32.4225,32.4225,deep,rh_R_MI
R_AVI_ROI,34.1721118074999,0,10.5875,21.505,NA,NA,10.5875,32.4225,32.4225,superficial,rh_R_AVI
R_AVI_ROI,22.4254845752408,0,10.5875,11.1361180904523,NA,NA,10.5875,26.7168718592965,26.607148241206,middle,rh_R_AVI
R_AVI_ROI,22.7969457204594,0,10.5875,11.3007035175879,NA,NA,10.5875,26.3877010050251,26.2779773869347,deep,rh_R_AVI
R_AAIC_ROI,1.35703718899595,0.206128056969905,NA,NA,NA,NA,NA,NA,NA,middle,rh_R_AAIC
R_AAIC_ROI,0.691076376382474,0.407367860561615,NA,NA,NA,NA,NA,NA,NA,superficial,rh_R_AAIC
R_AAIC_ROI,3.29086784948426,0.0411909269291312,16.9514698492462,16.9514698492462,NA,NA,16.9514698492462,17.0611934673367,16.9514698492462,deep,rh_R_AAIC
R_FOP1_ROI,30.4344936924748,0,10.5875,10.9166708542714,NA,NA,10.5875,24.8515703517588,24.7418467336683,middle,rh_R_FOP1
R_FOP1_ROI,16.5040356884754,5.50348151373559e-06,10.5875,12.0687688442211,NA,NA,10.5875,27.1557663316583,27.0460427135678,superficial,rh_R_FOP1
R_FOP1_ROI,31.6286018073663,0,10.5875,11.1909798994975,NA,NA,10.5875,24.8515703517588,24.7418467336683,deep,rh_R_FOP1
R_FOP3_ROI,15.6356183009905,5.81711721958644e-07,10.5875,10.9715326633166,NA,NA,10.5875,20.4626256281407,20.3529020100503,middle,rh_R_FOP3
R_FOP3_ROI,15.0312070992105,1.07914911390283e-06,10.5875,10.9166708542714,NA,NA,10.5875,21.6695854271357,21.5598618090452,deep,rh_R_FOP3
R_FOP3_ROI,9.36335996660861,0.000122558326056788,10.5875,11.1909798994975,NA,NA,10.5875,19.804283919598,19.6945603015075,superficial,rh_R_FOP3
R_FOP2_ROI,23.4971414961959,0,10.5875,10.9715326633166,NA,NA,10.5875,21.1209673366834,21.011243718593,middle,rh_R_FOP2
R_FOP2_ROI,25.4172552228877,0,10.5875,10.9166708542714,NA,NA,10.5875,20.3529020100503,20.2431783919598,deep,rh_R_FOP2
R_FOP2_ROI,13.1951761144913,2.11958641551102e-05,10.5875,11.1361180904523,NA,NA,10.5875,26.0585301507538,25.9488065326633,superficial,rh_R_FOP2
R_s32_ROI,5.72817749611098,0.0177264946915902,10.5875,21.505,NA,NA,10.5875,32.4225,32.4225,middle,rh_R_s32
R_s32_ROI,1.07296919368227,0.30177003780545,NA,NA,NA,NA,NA,NA,NA,superficial,rh_R_s32
R_s32_ROI,19.0181553041271,2.18000960369169e-05,10.5875,21.505,NA,NA,10.5875,32.4225,32.4225,deep,rh_R_s32
R_Ig_ROI,23.3142819354794,0,10.5875,10.9166708542714,NA,NA,10.5875,21.1209673366834,21.011243718593,middle,rh_R_Ig
R_Ig_ROI,14.7078496304466,1.33248943734454e-06,10.5875,10.8618090452261,NA,NA,10.5875,20.2431783919598,20.1334547738693,superficial,rh_R_Ig
R_Ig_ROI,26.3249222421512,0,10.5875,10.9715326633166,NA,NA,10.5875,22.2182035175879,22.1084798994975,deep,rh_R_Ig
R_FOP5_ROI,61.2463004303761,0,10.5875,21.505,NA,NA,10.5875,32.4225,32.4225,middle,rh_R_FOP5
R_FOP5_ROI,30.5065772507623,0,10.5875,11.4652889447236,NA,NA,10.5875,28.3627261306533,28.2530025125628,deep,rh_R_FOP5
R_FOP5_ROI,31.8750481013505,6.57773303325282e-07,10.5875,21.505,NA,NA,10.5875,32.4225,32.4225,superficial,rh_R_FOP5
R_p10p_ROI,9.91612054609188,5.31791092231448e-05,10.5875,10.8069472361809,NA,NA,10.5875,20.6820728643216,20.5723492462312,middle,rh_R_p10p
R_p10p_ROI,13.7423716771761,1.96070020541672e-06,10.5875,11.1361180904523,NA,NA,10.5875,21.7793090452261,21.6695854271357,deep,rh_R_p10p
R_p10p_ROI,6.13005339445631,0.0022367644164813,13.988932160804,13.988932160804,NA,NA,13.988932160804,19.6945603015075,19.5848366834171,superficial,rh_R_p10p
R_p47r_ROI,30.2553646880133,0,10.5875,11.2458417085427,NA,NA,10.5875,25.8390829145729,25.7293592964824,middle,rh_R_p47r
R_p47r_ROI,25.3083592231394,1.26806871975083e-06,10.5875,17.0611934673367,NA,NA,10.5875,32.4225,32.4225,superficial,rh_R_p47r
R_p47r_ROI,39.6367392288087,0,10.5875,11.1361180904523,NA,NA,10.5875,25.4001884422111,25.2904648241206,deep,rh_R_p47r
R_a32pr_ROI,48.390250270413,0,10.5875,11.9041834170854,NA,NA,10.5875,32.4225,32.4225,middle,rh_R_a32pr
R_a32pr_ROI,39.4304023287739,0,10.5875,21.505,NA,NA,10.5875,32.4225,32.4225,superficial,rh_R_a32pr
R_a32pr_ROI,30.9438748264946,0,10.5875,11.3555653266332,NA,NA,10.5875,27.814108040201,27.7043844221106,deep,rh_R_a32pr
R_p24_ROI,20.3765508706853,1.29361137612416e-05,10.5875,21.505,NA,NA,10.5875,32.4225,32.4225,superficial,rh_R_p24
R_p24_ROI,42.0274644506553,0,10.5875,21.505,NA,NA,10.5875,32.4225,32.4225,middle,rh_R_p24
R_p24_ROI,40.9927778267844,0,10.5875,21.505,NA,NA,10.5875,32.4225,32.4225,deep,rh_R_p24
L_4_ROI,40.3586006881442,0,10.5875,11.0263944723618,NA,NA,10.5875,25.4001884422111,25.2904648241206,superficial,lh_L_4
L_4_ROI,66.542033433426,0,10.5875,10.9166708542714,NA,NA,10.5875,26.1682537688442,26.0585301507538,middle,lh_L_4
L_4_ROI,73.6205448524407,0,10.5875,10.6972236180905,NA,NA,10.5875,26.2779773869347,26.1682537688442,deep,lh_L_4
L_FEF_ROI,47.4571388779926,0,10.5875,11.6298743718593,NA,NA,10.5875,25.8390829145729,25.7293592964824,superficial,lh_L_FEF
L_FEF_ROI,65.7142889569266,0,10.5875,15.6347864321608,NA,NA,10.5875,26.0585301507538,25.9488065326633,middle,lh_L_FEF
L_FEF_ROI,65.9334778255985,0,10.5875,16.1285427135678,NA,NA,10.5875,26.3877010050251,26.2779773869347,deep,lh_L_FEF
L_PEF_ROI,29.0473759691587,0,10.5875,11.2458417085427,NA,NA,10.5875,25.619635678392,25.5099120603015,superficial,lh_L_PEF
L_PEF_ROI,52.387328565626,0,10.5875,10.7520854271357,NA,NA,10.5875,26.2779773869347,26.1682537688442,deep,lh_L_PEF
L_PEF_ROI,51.8385005141009,0,10.5875,11.0263944723618,NA,NA,10.5875,26.1682537688442,26.0585301507538,middle,lh_L_PEF
L_55b_ROI,48.3012715014715,0,10.5875,11.2458417085427,NA,NA,10.5875,28.1432788944724,28.0335552763819,superficial,lh_L_55b
L_55b_ROI,71.1436932288745,0,10.5875,11.081256281407,NA,NA,10.5875,27.814108040201,27.7043844221106,deep,lh_L_55b
L_55b_ROI,70.4718881589218,0,10.5875,11.0263944723618,NA,NA,10.5875,27.814108040201,27.7043844221106,middle,lh_L_55b
L_SFL_ROI,29.4297982316306,8.34467620447477e-07,10.5875,21.505,NA,NA,10.5875,32.4225,32.4225,deep,lh_L_SFL
L_SFL_ROI,25.8914455361734,1.41813994630757e-06,10.5875,21.505,NA,NA,10.5875,32.4225,32.4225,superficial,lh_L_SFL
L_SFL_ROI,30.8211366490905,6.83664658218675e-07,10.5875,21.505,NA,NA,10.5875,32.4225,32.4225,middle,lh_L_SFL
L_24dd_ROI,69.1210922258924,0,10.5875,11.081256281407,NA,NA,10.5875,26.9363190954774,26.8265954773869,deep,lh_L_24dd
L_24dd_ROI,52.1250860114958,0,10.5875,11.6298743718593,NA,NA,10.5875,32.4225,32.4225,superficial,lh_L_24dd
L_24dd_ROI,67.6329245296656,0,10.5875,11.081256281407,NA,NA,10.5875,28.4724497487437,28.3627261306533,middle,lh_L_24dd
L_24dv_ROI,47.7051449202422,0,10.5875,11.1361180904523,NA,NA,10.5875,32.4225,32.4225,superficial,lh_L_24dv
L_24dv_ROI,46.9733878684223,0,10.5875,10.9715326633166,NA,NA,10.5875,25.7293592964824,25.619635678392,deep,lh_L_24dv
L_24dv_ROI,49.2760068702151,0,10.5875,11.0263944723618,NA,NA,10.5875,27.1557663316583,27.0460427135678,middle,lh_L_24dv
L_SCEF_ROI,60.4438799632025,0,10.5875,21.505,NA,NA,10.5875,32.4225,32.4225,superficial,lh_L_SCEF
L_SCEF_ROI,60.2468152643387,0,10.5875,21.505,NA,NA,10.5875,32.4225,32.4225,deep,lh_L_SCEF
L_SCEF_ROI,77.761974822009,0,10.5875,21.505,NA,NA,10.5875,32.4225,32.4225,middle,lh_L_SCEF
L_6ma_ROI,17.3954216800805,1.61378396845713e-06,10.5875,11.1909798994975,NA,NA,10.5875,26.4974246231156,26.3877010050251,deep,lh_L_6ma
L_6ma_ROI,19.9278543346872,1.49782652381081e-06,10.5875,11.7395979899497,NA,NA,10.5875,32.4225,32.4225,superficial,lh_L_6ma
L_6ma_ROI,19.3813668444247,6.17743700748186e-07,10.5875,11.3007035175879,NA,NA,10.5875,27.3752135678392,27.2654899497487,middle,lh_L_6ma
L_6d_ROI,61.7598907195193,0,10.5875,13.3305904522613,NA,NA,10.5875,26.1682537688442,26.0585301507538,deep,lh_L_6d
L_6d_ROI,30.1909128734599,0,10.5875,10.9715326633166,NA,NA,10.5875,25.0710175879397,24.9612939698492,superficial,lh_L_6d
L_6d_ROI,60.6759074630778,0,10.5875,11.4652889447236,NA,NA,10.5875,26.1682537688442,26.0585301507538,middle,lh_L_6d
L_6mp_ROI,10.2853882277849,5.85651460554004e-05,10.5875,10.8069472361809,NA,NA,10.5875,19.804283919598,19.6945603015075,superficial,lh_L_6mp
L_6mp_ROI,14.7547299088955,9.83928833964143e-07,10.5875,10.6423618090452,NA,NA,10.5875,20.2431783919598,20.1334547738693,deep,lh_L_6mp
L_6mp_ROI,15.7288186934144,5.17445181869025e-07,10.5875,10.8069472361809,NA,NA,10.5875,20.5723492462312,20.4626256281407,middle,lh_L_6mp
L_6v_ROI,46.1587856727396,0,10.5875,21.505,NA,NA,10.5875,32.4225,32.4225,superficial,lh_L_6v
L_6v_ROI,60.0194750667781,0,10.5875,10.9166708542714,NA,NA,10.5875,26.4974246231156,26.3877010050251,deep,lh_L_6v
L_6v_ROI,47.675802395723,0,10.5875,10.9715326633166,NA,NA,10.5875,26.1682537688442,26.0585301507538,middle,lh_L_6v
L_p24pr_ROI,45.4127886786504,0,10.5875,21.505,NA,NA,10.5875,32.4225,32.4225,superficial,lh_L_p24pr
L_p24pr_ROI,30.077113759748,0,10.5875,11.081256281407,NA,NA,10.5875,26.1682537688442,26.0585301507538,middle,lh_L_p24pr
L_p24pr_ROI,37.2050874085937,0,10.5875,10.9166708542714,NA,NA,10.5875,26.3877010050251,26.2779773869347,deep,lh_L_p24pr
L_33pr_ROI,16.0942498249675,7.35208175617341e-07,10.5875,11.1361180904523,NA,NA,10.5875,25.2904648241206,25.1807412060302,superficial,lh_L_33pr
L_33pr_ROI,51.0331066446468,0,10.5875,21.505,NA,NA,10.5875,32.4225,32.4225,deep,lh_L_33pr
L_33pr_ROI,25.0798967526673,0,10.5875,11.1909798994975,NA,NA,10.5875,27.0460427135678,26.9363190954774,middle,lh_L_33pr
L_a24pr_ROI,35.4991556177518,0,10.5875,21.505,NA,NA,10.5875,32.4225,32.4225,superficial,lh_L_a24pr
L_a24pr_ROI,32.2440284462269,0,10.5875,11.1361180904523,NA,NA,10.5875,28.1432788944724,28.0335552763819,middle,lh_L_a24pr
L_a24pr_ROI,47.526189060305,0,10.5875,11.7395979899497,NA,NA,10.5875,32.4225,32.4225,deep,lh_L_a24pr
L_p32pr_ROI,47.9894014664083,0,10.5875,11.4652889447236,NA,NA,10.5875,29.021067839196,28.9113442211055,middle,lh_L_p32pr
L_p32pr_ROI,33.1191340490435,0,10.5875,17.6098115577889,NA,NA,10.5875,25.619635678392,25.5099120603015,deep,lh_L_p32pr
L_p32pr_ROI,64.6067865526514,0,10.5875,21.505,NA,NA,10.5875,32.4225,32.4225,superficial,lh_L_p32pr
L_a24_ROI,5.13413298299906,0.0247697489043962,10.5875,21.505,NA,NA,10.5875,32.4225,32.4225,superficial,lh_L_a24
L_a24_ROI,10.6218291996566,0.00130292564667533,10.5875,21.505,NA,NA,10.5875,32.4225,32.4225,middle,lh_L_a24
L_a24_ROI,13.9362825735607,2.47717876892262e-05,10.5875,11.7395979899497,NA,NA,10.5875,26.7168718592965,26.607148241206,deep,lh_L_a24
L_d32_ROI,26.8115810713358,0,10.5875,11.0263944723618,NA,NA,10.5875,25.4001884422111,25.2904648241206,deep,lh_L_d32
L_d32_ROI,23.4367156289583,3.16778935932627e-06,10.5875,21.505,NA,NA,10.5875,32.4225,32.4225,superficial,lh_L_d32
L_d32_ROI,20.6847484560993,0,10.5875,11.3555653266332,NA,NA,10.5875,25.1807412060302,25.0710175879397,middle,lh_L_d32
L_8BM_ROI,39.496493162315,0,10.5875,11.6298743718593,NA,NA,10.5875,32.4225,32.4225,deep,lh_L_8BM
L_8BM_ROI,35.0362997554769,0,10.5875,11.3007035175879,NA,NA,10.5875,32.4225,32.4225,middle,lh_L_8BM
L_8BM_ROI,36.5047490269375,0,10.5875,21.505,NA,NA,10.5875,32.4225,32.4225,superficial,lh_L_8BM
L_p32_ROI,8.5912664491828,0.000697260582661452,10.5875,11.794459798995,NA,NA,10.5875,24.412675879397,24.3029522613065,middle,lh_L_p32
L_p32_ROI,11.798131955932,3.23541886810275e-05,10.5875,11.3555653266332,NA,NA,10.5875,24.6321231155779,24.5223994974874,deep,lh_L_p32
L_p32_ROI,7.09931020075429,0.00847291464994893,10.5875,21.505,NA,NA,10.5875,32.4225,32.4225,superficial,lh_L_p32
L_10r_ROI,3.08605941025241,0.0810345336965983,NA,NA,NA,NA,NA,NA,NA,superficial,lh_L_10r
L_10r_ROI,7.72801850662264,0.00051722639455104,11.794459798995,11.794459798995,NA,NA,11.794459798995,20.7917964824121,20.6820728643216,middle,lh_L_10r
L_10r_ROI,17.1022616864219,0,10.5875,11.0263944723618,NA,NA,10.5875,21.1209673366834,21.011243718593,deep,lh_L_10r
L_47m_ROI,32.7241161424157,0,10.5875,11.1909798994975,NA,NA,10.5875,24.6321231155779,24.5223994974874,deep,lh_L_47m
L_47m_ROI,13.2533827787898,0.000400943538184872,10.5875,21.505,NA,NA,10.5875,32.4225,32.4225,superficial,lh_L_47m
L_47m_ROI,17.6897744058392,0,10.5875,11.6847361809045,NA,NA,10.5875,24.412675879397,24.3029522613065,middle,lh_L_47m
L_8Av_ROI,52.0339726952026,0,10.5875,11.4652889447236,NA,NA,10.5875,27.1557663316583,27.0460427135678,deep,lh_L_8Av
L_8Av_ROI,46.1704169117588,0,10.5875,11.3007035175879,NA,NA,10.5875,26.7168718592965,26.607148241206,middle,lh_L_8Av
L_8Av_ROI,37.3664785155023,0,10.5875,11.9590452261307,NA,NA,10.5875,32.4225,32.4225,superficial,lh_L_8Av
L_8Ad_ROI,40.4619676025256,0,10.5875,11.1361180904523,NA,NA,10.5875,26.4974246231156,26.3877010050251,middle,lh_L_8Ad
L_8Ad_ROI,42.3169427688209,0,10.5875,11.0263944723618,NA,NA,10.5875,26.7168718592965,26.607148241206,deep,lh_L_8Ad
L_8Ad_ROI,26.749186953265,0,10.5875,11.1909798994975,NA,NA,10.5875,26.2779773869347,26.1682537688442,superficial,lh_L_8Ad
L_9m_ROI,12.6471677665531,0.000497260106891551,10.5875,21.505,NA,NA,10.5875,32.4225,32.4225,superficial,lh_L_9m
L_9m_ROI,18.17930115036,0,10.5875,11.0263944723618,NA,NA,10.5875,25.0710175879397,24.9612939698492,middle,lh_L_9m
L_9m_ROI,28.3235116358131,0,10.5875,11.1909798994975,NA,NA,10.5875,25.7293592964824,25.619635678392,deep,lh_L_9m
L_8BL_ROI,20.0031279590648,0,10.5875,10.9715326633166,NA,NA,10.5875,25.8390829145729,25.7293592964824,deep,lh_L_8BL
L_8BL_ROI,9.39262973147094,0.000424994680602253,10.5875,11.5201507537688,NA,NA,10.5875,24.7418467336683,24.6321231155779,superficial,lh_L_8BL
L_8BL_ROI,13.1929665191175,5.31533739089873e-06,10.5875,11.1909798994975,NA,NA,10.5875,23.0959924623116,22.9862688442211,middle,lh_L_8BL
L_9p_ROI,5.97140896427671,0.00267243954951468,13.8792085427136,13.9340703517588,NA,NA,13.8792085427136,20.0237311557789,19.9140075376884,superficial,lh_L_9p
L_9p_ROI,15.5428719739465,5.31737482323269e-07,10.5875,10.8069472361809,NA,NA,10.5875,21.011243718593,20.9015201005025,middle,lh_L_9p
L_9p_ROI,26.7175184019056,0,10.5875,10.6972236180905,NA,NA,10.5875,24.5223994974874,24.412675879397,deep,lh_L_9p
L_10d_ROI,10.187266923898,3.90807442373631e-05,10.5875,11.2458417085427,NA,NA,10.5875,20.5723492462312,20.4626256281407,middle,lh_L_10d
L_10d_ROI,2.64165914952648,0.0515763528858198,NA,NA,NA,NA,NA,NA,NA,superficial,lh_L_10d
L_10d_ROI,19.9601936190771,0,10.5875,10.9715326633166,NA,NA,10.5875,22.1084798994975,21.998756281407,deep,lh_L_10d
L_8C_ROI,49.6406755122466,0,10.5875,11.6298743718593,NA,NA,10.5875,31.8738819095477,31.7641582914573,superficial,lh_L_8C
L_8C_ROI,80.413131622131,0,10.5875,11.3007035175879,NA,NA,10.5875,27.4849371859297,27.3752135678392,middle,lh_L_8C
L_8C_ROI,85.4223869999775,0,10.5875,11.3555653266332,NA,NA,10.5875,28.2530025125628,28.1432788944724,deep,lh_L_8C
L_44_ROI,40.9048114447269,0,10.5875,11.4104271356784,NA,NA,10.5875,26.7168718592965,26.607148241206,middle,lh_L_44
L_44_ROI,22.7526611494826,4.4586096802357e-06,10.5875,21.505,NA,NA,10.5875,32.4225,32.4225,superficial,lh_L_44
L_44_ROI,52.1133354610578,0,10.5875,11.3007035175879,NA,NA,10.5875,27.0460427135678,26.9363190954774,deep,lh_L_44
L_45_ROI,33.0642261358872,0,10.5875,11.5750125628141,NA,NA,10.5875,25.7293592964824,25.619635678392,middle,lh_L_45
L_45_ROI,26.796873158023,9.39986823822458e-07,10.5875,21.505,NA,NA,10.5875,32.4225,32.4225,superficial,lh_L_45
L_45_ROI,39.5693116525265,0,10.5875,11.3007035175879,NA,NA,10.5875,25.619635678392,25.5099120603015,deep,lh_L_45
L_47l_ROI,23.5743132280903,0,10.5875,10.8069472361809,NA,NA,10.5875,32.4225,32.4225,middle,lh_L_47l
L_47l_ROI,35.9813546274622,0,10.5875,11.4104271356784,NA,NA,10.5875,32.4225,32.4225,deep,lh_L_47l
L_47l_ROI,4.4413083805743,0.036615695767138,10.5875,21.505,NA,NA,10.5875,32.4225,32.4225,superficial,lh_L_47l
L_a47r_ROI,23.1417399208639,3.83433265693789e-06,10.5875,21.505,NA,NA,10.5875,32.4225,32.4225,middle,lh_L_a47r
L_a47r_ROI,18.766029176334,3.25440329851379e-07,10.5875,11.4104271356784,NA,NA,10.5875,27.1557663316583,27.0460427135678,deep,lh_L_a47r
L_a47r_ROI,8.99405720655887,0.00325963566678594,10.5875,21.505,NA,NA,10.5875,32.4225,32.4225,superficial,lh_L_a47r
L_6r_ROI,47.1772406724057,0,10.5875,11.081256281407,NA,NA,10.5875,25.1807412060302,25.0710175879397,middle,lh_L_6r
L_6r_ROI,22.0576105449058,0,10.5875,11.2458417085427,NA,NA,10.5875,24.412675879397,24.3029522613065,superficial,lh_L_6r
L_6r_ROI,59.5498777736667,0,10.5875,11.1361180904523,NA,NA,10.5875,25.5099120603015,25.4001884422111,deep,lh_L_6r
L_IFJa_ROI,66.5814195067188,0,10.5875,11.0263944723618,NA,NA,10.5875,27.814108040201,27.7043844221106,middle,lh_L_IFJa
L_IFJa_ROI,35.5077962329183,0,10.5875,11.081256281407,NA,NA,10.5875,32.4225,32.4225,superficial,lh_L_IFJa
L_IFJa_ROI,74.0461645277225,0,10.5875,10.8618090452261,NA,NA,10.5875,28.2530025125628,28.1432788944724,deep,lh_L_IFJa
L_IFJp_ROI,58.4128458166775,0,10.5875,16.1834045226131,NA,NA,10.5875,26.0585301507538,25.9488065326633,middle,lh_L_IFJp
L_IFJp_ROI,59.1792158752057,0,10.5875,11.2458417085427,NA,NA,10.5875,25.8390829145729,25.7293592964824,deep,lh_L_IFJp
L_IFJp_ROI,44.0535650589235,0,10.5875,13.00141959799,NA,NA,10.5875,27.814108040201,27.7043844221106,superficial,lh_L_IFJp
L_IFSp_ROI,47.6341891311291,0,10.5875,10.9166708542714,NA,NA,10.5875,25.9488065326633,25.8390829145729,middle,lh_L_IFSp
L_IFSp_ROI,58.8151544372104,0,10.5875,10.9166708542714,NA,NA,10.5875,25.8390829145729,25.7293592964824,deep,lh_L_IFSp
L_IFSp_ROI,48.0665586080861,0,10.5875,21.505,NA,NA,10.5875,32.4225,32.4225,superficial,lh_L_IFSp
L_IFSa_ROI,44.0177532703114,0,10.5875,11.5201507537688,NA,NA,10.5875,26.1682537688442,26.0585301507538,middle,lh_L_IFSa
L_IFSa_ROI,47.3373484860429,0,10.5875,21.505,NA,NA,10.5875,32.4225,32.4225,superficial,lh_L_IFSa
L_IFSa_ROI,50.7511028081795,0,10.5875,11.4652889447236,NA,NA,10.5875,25.5099120603015,25.4001884422111,deep,lh_L_IFSa
L_p9-46v_ROI,44.6287888876686,0,10.5875,10.8618090452261,NA,NA,10.5875,25.2904648241206,25.1807412060302,middle,lh_L_p9-46v
L_p9-46v_ROI,49.243377072396,0,10.5875,21.505,NA,NA,10.5875,32.4225,32.4225,superficial,lh_L_p9-46v
L_p9-46v_ROI,59.3164831311791,0,10.5875,11.1361180904523,NA,NA,10.5875,25.7293592964824,25.619635678392,deep,lh_L_p9-46v
L_46_ROI,15.510572267921,7.4649227455037e-07,10.5875,11.2458417085427,NA,NA,10.5875,23.5348869346734,23.4251633165829,superficial,lh_L_46
L_46_ROI,30.7517131553987,0,10.5875,11.0263944723618,NA,NA,10.5875,23.7543341708543,23.6446105527638,middle,lh_L_46
L_46_ROI,43.1352338672086,0,10.5875,10.8069472361809,NA,NA,10.5875,24.412675879397,24.3029522613065,deep,lh_L_46
L_a9-46v_ROI,28.2072855984129,9.41097893725207e-07,10.5875,21.505,NA,NA,10.5875,32.4225,32.4225,superficial,lh_L_a9-46v
L_a9-46v_ROI,31.5250163842805,0,10.5875,10.6423618090452,NA,NA,10.5875,25.8390829145729,25.7293592964824,middle,lh_L_a9-46v
L_a9-46v_ROI,38.1616941033148,0,10.5875,10.8069472361809,NA,NA,10.5875,26.607148241206,26.4974246231156,deep,lh_L_a9-46v
L_9-46d_ROI,45.4947545405937,0,10.5875,11.1361180904523,NA,NA,10.5875,25.2904648241206,25.1807412060302,deep,lh_L_9-46d
L_9-46d_ROI,19.3843426845891,0,10.5875,11.1361180904523,NA,NA,10.5875,24.9612939698492,24.8515703517588,superficial,lh_L_9-46d
L_9-46d_ROI,34.0597514961697,0,10.5875,11.081256281407,NA,NA,10.5875,24.8515703517588,24.7418467336683,middle,lh_L_9-46d
L_9a_ROI,10.629341859559,0.00136931616896985,10.5875,21.505,NA,NA,10.5875,32.4225,32.4225,superficial,lh_L_9a
L_9a_ROI,29.4897245106436,0,10.5875,11.2458417085427,NA,NA,10.5875,25.0710175879397,24.9612939698492,deep,lh_L_9a
L_9a_ROI,18.5470940783664,0,10.5875,11.1909798994975,NA,NA,10.5875,24.0835050251256,23.9737814070352,middle,lh_L_9a
L_10v_ROI,0.163886317100186,0.686468325159069,NA,NA,NA,NA,NA,NA,NA,superficial,lh_L_10v
L_10v_ROI,4.79559075277645,0.0298940686041338,10.5875,21.505,NA,NA,10.5875,32.4225,32.4225,middle,lh_L_10v
L_10v_ROI,9.14575142900276,0.000206242746291163,10.5875,11.3007035175879,NA,NA,10.5875,22.5473743718593,22.4376507537688,deep,lh_L_10v
L_a10p_ROI,7.57091707749119,0.000596464757995963,12.2333542713568,12.3979396984925,NA,NA,12.2333542713568,20.9015201005025,20.7917964824121,superficial,lh_L_a10p
L_a10p_ROI,19.6107221470345,0,10.5875,10.9715326633166,NA,NA,10.5875,21.2306909547739,21.1209673366834,deep,lh_L_a10p
L_a10p_ROI,14.2719749478388,1.56953206709165e-06,10.5875,10.9166708542714,NA,NA,10.5875,21.2306909547739,21.1209673366834,middle,lh_L_a10p
L_10pp_ROI,2.10539045561714,0.149133089809064,NA,NA,NA,NA,NA,NA,NA,superficial,lh_L_10pp
L_10pp_ROI,9.07926318089603,0.000754149750418542,10.5875,11.3555653266332,NA,NA,10.5875,25.2904648241206,25.1807412060302,middle,lh_L_10pp
L_10pp_ROI,16.4063320220522,3.36777000675692e-07,10.5875,10.8618090452261,NA,NA,10.5875,22.5473743718593,22.4376507537688,deep,lh_L_10pp
L_11l_ROI,8.88829463616908,0.00333756963259491,10.5875,18.2681532663317,NA,NA,10.5875,32.4225,32.4225,superficial,lh_L_11l
L_11l_ROI,21.3980749290666,0,10.5875,10.9715326633166,NA,NA,10.5875,22.7668216080402,22.6570979899497,deep,lh_L_11l
L_11l_ROI,13.9047897973891,2.04450592172778e-06,10.5875,10.9715326633166,NA,NA,10.5875,21.8890326633166,21.7793090452261,middle,lh_L_11l
L_13l_ROI,9.75940121542843,0.0021341534464201,10.5875,21.505,NA,NA,10.5875,32.4225,32.4225,superficial,lh_L_13l
L_13l_ROI,12.4800361684512,7.02352998499522e-06,10.5875,10.9715326633166,NA,NA,10.5875,22.5473743718593,22.4376507537688,middle,lh_L_13l
L_13l_ROI,25.7672654558654,0,10.5875,11.3007035175879,NA,NA,10.5875,23.8640577889447,23.7543341708543,deep,lh_L_13l
L_47s_ROI,9.0989894186449,0.00316793074946514,10.5875,21.505,NA,NA,10.5875,32.4225,32.4225,superficial,lh_L_47s
L_47s_ROI,25.8618241367946,0,10.5875,11.1361180904523,NA,NA,10.5875,24.3029522613065,24.1932286432161,deep,lh_L_47s
L_47s_ROI,13.9237704131283,2.05506382483511e-06,10.5875,11.3007035175879,NA,NA,10.5875,22.1084798994975,21.998756281407,middle,lh_L_47s
L_6a_ROI,43.7534733792547,0,10.5875,11.7395979899497,NA,NA,10.5875,26.607148241206,26.4974246231156,superficial,lh_L_6a
L_6a_ROI,49.551974942123,0,10.5875,11.1909798994975,NA,NA,10.5875,26.4974246231156,26.3877010050251,middle,lh_L_6a
L_6a_ROI,43.5265895341129,0,10.5875,11.081256281407,NA,NA,10.5875,25.8390829145729,25.7293592964824,deep,lh_L_6a
L_i6-8_ROI,39.2603283056113,0,10.5875,12.0139070351759,NA,NA,10.5875,32.4225,32.4225,superficial,lh_L_i6-8
L_i6-8_ROI,60.9254305956539,0,10.5875,11.6847361809045,NA,NA,10.5875,32.4225,32.4225,deep,lh_L_i6-8
L_i6-8_ROI,53.5964191029089,0,10.5875,10.7520854271357,NA,NA,10.5875,32.4225,32.4225,middle,lh_L_i6-8
L_s6-8_ROI,31.8254659552864,5.2264933947388e-07,10.5875,21.505,NA,NA,10.5875,32.4225,32.4225,superficial,lh_L_s6-8
L_s6-8_ROI,27.0982695554826,0,10.5875,11.2458417085427,NA,NA,10.5875,28.5821733668342,28.4724497487437,middle,lh_L_s6-8
L_s6-8_ROI,26.0534773830881,0,10.5875,10.7520854271357,NA,NA,10.5875,26.8265954773869,26.7168718592965,deep,lh_L_s6-8
L_43_ROI,10.1420922323152,0.000121698500701262,13.1111432160804,14.0437939698492,NA,NA,13.1111432160804,24.6321231155779,24.5223994974874,superficial,lh_L_43
L_43_ROI,34.792052062316,0,10.5875,11.2458417085427,NA,NA,10.5875,24.412675879397,24.3029522613065,deep,lh_L_43
L_43_ROI,23.8604781421677,0,10.5875,14.3181030150754,NA,NA,10.5875,24.3029522613065,24.1932286432161,middle,lh_L_43
L_PoI2_ROI,10.9093555578458,3.65458492582182e-05,10.5875,11.1361180904523,NA,NA,10.5875,22.4376507537688,22.3279271356784,deep,lh_L_PoI2
L_PoI2_ROI,5.86376799900562,0.0069864030843142,14.8667211055276,15.2507537688442,NA,NA,14.8667211055276,22.6570979899497,22.5473743718593,middle,lh_L_PoI2
L_PoI2_ROI,5.87835362748264,0.0165158701111432,10.5875,21.505,NA,NA,10.5875,32.4225,32.4225,superficial,lh_L_PoI2
L_FOP4_ROI,32.575375900362,0,10.5875,21.505,NA,NA,10.5875,32.4225,32.4225,superficial,lh_L_FOP4
L_FOP4_ROI,23.4946077220063,0,10.5875,11.3555653266332,NA,NA,10.5875,24.9612939698492,24.8515703517588,middle,lh_L_FOP4
L_FOP4_ROI,25.8210776043096,0,10.5875,11.1909798994975,NA,NA,10.5875,24.7418467336683,24.6321231155779,deep,lh_L_FOP4
L_MI_ROI,14.5613084932165,1.91955472172989e-06,10.5875,11.3007035175879,NA,NA,10.5875,23.8640577889447,23.7543341708543,deep,lh_L_MI
L_MI_ROI,9.49419963379884,0.00248933619986563,10.5875,21.505,NA,NA,10.5875,32.4225,32.4225,superficial,lh_L_MI
L_MI_ROI,18.0912455299192,3.6445038586852e-05,10.5875,21.505,NA,NA,10.5875,32.4225,32.4225,middle,lh_L_MI
L_AVI_ROI,42.7442515212867,0,10.5875,21.505,NA,NA,10.5875,32.4225,32.4225,deep,lh_L_AVI
L_AVI_ROI,27.9501996061279,1.11034234384633e-06,10.5875,21.505,NA,NA,10.5875,32.4225,32.4225,middle,lh_L_AVI
L_AVI_ROI,11.3499343208876,0.00101646552327589,10.5875,21.505,NA,NA,10.5875,32.4225,32.4225,superficial,lh_L_AVI
L_AAIC_ROI,6.37916957948653,0.00203395101980319,13.8792085427136,13.8792085427136,NA,NA,13.8792085427136,19.5848366834171,19.4751130653266,deep,lh_L_AAIC
L_AAIC_ROI,1.39352644543907,0.174703004247506,NA,NA,NA,NA,NA,NA,NA,middle,lh_L_AAIC
L_AAIC_ROI,0.206144146558373,0.650689811324595,NA,NA,NA,NA,NA,NA,NA,superficial,lh_L_AAIC
L_FOP1_ROI,46.8090306519511,0,10.5875,11.1361180904523,NA,NA,10.5875,32.4225,32.4225,deep,lh_L_FOP1
L_FOP1_ROI,42.8906190144576,0,10.5875,21.505,NA,NA,10.5875,32.4225,32.4225,middle,lh_L_FOP1
L_FOP1_ROI,12.8978596336165,0.000461271413223385,10.5875,21.505,NA,NA,10.5875,32.4225,32.4225,superficial,lh_L_FOP1
L_FOP3_ROI,23.2916153321601,0,10.5875,11.1361180904523,NA,NA,10.5875,23.7543341708543,23.6446105527638,deep,lh_L_FOP3
L_FOP3_ROI,18.2473382498272,0,10.5875,11.1909798994975,NA,NA,10.5875,24.5223994974874,24.412675879397,middle,lh_L_FOP3
L_FOP3_ROI,22.9084743403908,3.86659938922396e-06,10.5875,21.505,NA,NA,10.5875,32.4225,32.4225,superficial,lh_L_FOP3
L_FOP2_ROI,22.9836563816064,0,10.5875,11.1909798994975,NA,NA,10.5875,24.3029522613065,24.1932286432161,deep,lh_L_FOP2
L_FOP2_ROI,16.4505128003593,1.88960134261951e-07,10.5875,11.0263944723618,NA,NA,10.5875,23.6446105527638,23.5348869346734,middle,lh_L_FOP2
L_FOP2_ROI,17.8114091515693,4.36373534436485e-05,10.5875,21.505,NA,NA,10.5875,32.4225,32.4225,superficial,lh_L_FOP2
L_s32_ROI,4.96226367340123,0.00597393888651099,15.195891959799,15.195891959799,NA,NA,15.195891959799,19.804283919598,19.6945603015075,deep,lh_L_s32
L_s32_ROI,2.88298087943794,0.0537998393308865,NA,NA,NA,NA,NA,NA,NA,middle,lh_L_s32
L_s32_ROI,0.99858374943368,0.269761211977899,NA,NA,NA,NA,NA,NA,NA,superficial,lh_L_s32
L_Ig_ROI,25.2691570047538,0,10.5875,10.9715326633166,NA,NA,10.5875,24.5223994974874,24.412675879397,deep,lh_L_Ig
L_Ig_ROI,19.3175368013951,0,10.5875,10.8069472361809,NA,NA,10.5875,24.5223994974874,24.412675879397,middle,lh_L_Ig
L_Ig_ROI,18.8224682535753,2.70277357765081e-05,10.5875,21.505,NA,NA,10.5875,32.4225,32.4225,superficial,lh_L_Ig
L_FOP5_ROI,25.6405237685102,0,10.5875,16.8417462311558,NA,NA,10.5875,25.2904648241206,25.1807412060302,deep,lh_L_FOP5
L_FOP5_ROI,28.7306605971931,0,10.5875,12.0139070351759,NA,NA,10.5875,32.4225,32.4225,middle,lh_L_FOP5
L_FOP5_ROI,15.6974366773031,0.000127654802104527,10.5875,21.505,NA,NA,10.5875,32.4225,32.4225,superficial,lh_L_FOP5
L_p10p_ROI,33.2594581341187,0,10.5875,10.7520854271357,NA,NA,10.5875,24.6321231155779,24.5223994974874,deep,lh_L_p10p
L_p10p_ROI,25.1528717563983,0,10.5875,11.4104271356784,NA,NA,10.5875,23.9737814070352,23.8640577889447,middle,lh_L_p10p
L_p10p_ROI,11.2090358304567,1.86664631810496e-05,10.5875,11.4652889447236,NA,NA,10.5875,22.5473743718593,22.4376507537688,superficial,lh_L_p10p
L_p47r_ROI,26.8255734924384,0,10.5875,10.9166708542714,NA,NA,10.5875,24.0835050251256,23.9737814070352,deep,lh_L_p47r
L_p47r_ROI,20.5643919742834,0,10.5875,11.3007035175879,NA,NA,10.5875,24.6321231155779,24.5223994974874,middle,lh_L_p47r
L_p47r_ROI,19.3284478080305,2.1161859679153e-05,10.5875,21.505,NA,NA,10.5875,32.4225,32.4225,superficial,lh_L_p47r
L_a32pr_ROI,19.5595335842819,0,10.5875,11.2458417085427,NA,NA,10.5875,24.9612939698492,24.8515703517588,middle,lh_L_a32pr
L_a32pr_ROI,20.1962192727959,0,10.5875,16.0736809045226,NA,NA,10.5875,25.2904648241206,25.1807412060302,deep,lh_L_a32pr
L_a32pr_ROI,12.3595249778307,1.49884522371857e-05,10.5875,11.3007035175879,NA,NA,10.5875,24.5223994974874,24.412675879397,superficial,lh_L_a32pr
L_p24_ROI,21.570996083659,6.8127325294487e-06,10.5875,21.505,NA,NA,10.5875,32.4225,32.4225,superficial,lh_L_p24
L_p24_ROI,36.4133968430789,0,10.5875,21.505,NA,NA,10.5875,32.4225,32.4225,middle,lh_L_p24
L_p24_ROI,31.8141677373735,0,10.5875,11.5201507537688,NA,NA,10.5875,32.4225,32.4225,deep,lh_L_p24
